<application>
  <component name="libraryTable">
    <library name="plus" type="javaScript">
      <properties>
        <sourceFilesUrls>
          <item url="file://$USER_HOME$/node_modules/@types/html5plus" />
        </sourceFilesUrls>
      </properties>
      <CLASSES>
        <root url="file://$USER_HOME$/node_modules/@types/html5plus" />
      </CLASSES>
      <SOURCES />
    </library>
    <library name="Uniapp" type="javaScript">
      <properties>
        <sourceFilesUrls>
          <item url="file://$USER_HOME$/node_modules/@types/uni-app/lib" />
        </sourceFilesUrls>
      </properties>
      <CLASSES>
        <root url="file://$USER_HOME$/node_modules/@types/uni-app/lib" />
      </CLASSES>
      <SOURCES />
    </library>
    <library name="vue" type="javaScript">
      <properties>
        <sourceFilesUrls>
          <item url="file://$USER_HOME$/node_modules/vue/types" />
        </sourceFilesUrls>
      </properties>
      <CLASSES>
        <root url="file://$USER_HOME$/node_modules/vue/types" />
      </CLASSES>
      <SOURCES />
    </library>
  </component>
</application>